{
	"categories": [
	{
  		"name": "Boissons",
		  "img":"../../assets/imgs/boisson.ico",
		  "products": [
			{"name": "Coca-Cola 50cl", "price": 4, "img":"../../assets/imgs/coca.ico", "desc": "Lorem ipsum dolor sit amet, consectetur adipiscing elit. In gravida ex eu mattis volutpat."},
			{"name": "Fanta 50cl", "price": 3, "img":"../../assets/imgs/fanta.ico", "desc": "Lorem ipsum dolor sit amet, consectetur adipiscing elit. In gravida ex eu mattis volutpat."},
            {"name": "Sprite 50cl", "price": 4, "img":"../../assets/imgs/sprite.ico", "desc": "Lorem ipsum dolor sit amet, consectetur adipiscing elit. In gravida ex eu mattis volutpat."},
			{"name": "Vin Rouge 50cl", "price": 8, "img":"../../assets/imgs/rouge.ico", "desc": "Lorem ipsum dolor sit amet, consectetur adipiscing elit. In gravida ex eu mattis volutpat."},
            {"name": "Heineken 50cl", "price": 4, "img":"../../assets/imgs/heineken.ico", "desc": "Lorem ipsum dolor sit amet, consectetur adipiscing elit. In gravida ex eu mattis volutpat."},
			{"name": "Evian 50cl", "price": 3, "img":"../../assets/imgs/evian.ico", "desc": "Lorem ipsum dolor sit amet, consectetur adipiscing elit. In gravida ex eu mattis volutpat."}
		]
	},
	{
  		"name": "Pizzas",
		  "img":"../../assets/imgs/pizza.ico",
		  "products": [
			{"name": "Margarita", "price": 10, "img":"../../assets/imgs/margarita.ico", "desc": "Lorem ipsum dolor sit amet, consectetur adipiscing elit. In gravida ex eu mattis volutpat."},
			{"name": "Végan", "price": 11, "img":"../../assets/imgs/vege.ico", "desc": "Lorem ipsum dolor sit amet, consectetur adipiscing elit. In gravida ex eu mattis volutpat."},
            {"name": "4 Fromages", "price": 12, "img":"../../assets/imgs/fromages.ico", "desc": "Lorem ipsum dolor sit amet, consectetur adipiscing elit. In gravida ex eu mattis volutpat."},
			{"name": "Hawaian", "price": 11, "img":"../../assets/imgs/hawai.ico", "desc": "Lorem ipsum dolor sit amet, consectetur adipiscing elit. In gravida ex eu mattis volutpat."}
		]
	},
    {
  		"name": "Pates",
		  "img":"../../assets/imgs/pates.ico",
		  "products": [
			{"name": "Arrabiata", "price": 9, "img":"../../assets/imgs/arrabiata.ico", "desc": "Lorem ipsum dolor sit amet, consectetur adipiscing elit. In gravida ex eu mattis volutpat."},
			{"name": "4 Fromages", "price": 10, "img":"../../assets/imgs/fromage.ico", "desc": "Lorem ipsum dolor sit amet, consectetur adipiscing elit. In gravida ex eu mattis volutpat."},
            {"name": "Bolognaise", "price": 8, "img":"../../assets/imgs/bolo.ico", "desc": "Lorem ipsum dolor sit amet, consectetur adipiscing elit. In gravida ex eu mattis volutpat."},
			{"name": "Pesto", "price": 11, "img":"../../assets/imgs/pesto.ico", "desc": "Lorem ipsum dolor sit amet, consectetur adipiscing elit. In gravida ex eu mattis volutpat."}
		]
	},
    {
  		"name": "Plats",
		  "img":"../../assets/imgs/platsIta.ico",
		  "products": [
			{"name": "Escalope Milanaise", "price": 14, "img":"../../assets/imgs/milanaise.ico", "desc": "Lorem ipsum dolor sit amet, consectetur adipiscing elit. In gravida ex eu mattis volutpat."},
			{"name": "Lasagnes", "price": 11, "img":"../../assets/imgs/lasagnes.ico", "desc": "Lorem ipsum dolor sit amet, consectetur adipiscing elit. In gravida ex eu mattis volutpat."},
            {"name": "Tomate Mozzarela", "price": 8, "img":"../../assets/imgs/mozza.ico", "desc": "Lorem ipsum dolor sit amet, consectetur adipiscing elit. In gravida ex eu mattis volutpat."},
			{"name": "Carpaccio de Boeuf", "price": 13, "img":"../../assets/imgs/carpaccio.ico", "desc": "Lorem ipsum dolor sit amet, consectetur adipiscing elit. In gravida ex eu mattis volutpat."}
		]
	},
    {
  		"name": "Desserts",
		  "img":"../../assets/imgs/dessertIcon.ico",
		  "products": [
			{"name": "Gateau au chcolat", "price": 6, "img":"../../assets/imgs/desert1.ico", "desc": "Lorem ipsum dolor sit amet, consectetur adipiscing elit. In gravida ex eu mattis volutpat."},
			{"name": "Tarte aux pommes", "price": 7, "img":"../../assets/imgs/desert2.ico", "desc": "Lorem ipsum dolor sit amet, consectetur adipiscing elit. In gravida ex eu mattis volutpat."},
            {"name": "Crème caramel", "price": 6, "img":"../../assets/imgs/desert3.ico", "desc": "Lorem ipsum dolor sit amet, consectetur adipiscing elit. In gravida ex eu mattis volutpat."},
			{"name": "Glaces", "price": 7, "img":"../../assets/imgs/desert4.ico", "desc": "Lorem ipsum dolor sit amet, consectetur adipiscing elit. In gravida ex eu mattis volutpat."}
		]
	}
  ]
}