{
	"categories": [
	{
  		"name": "Boissons",
		  "img":"../../assets/imgs/boisson.ico",
		  "products": [
			{"name": "Coca-Cola 50cl", "price": 4, "img":"../../assets/imgs/coca.ico", "desc": "Lorem ipsum dolor sit amet, consectetur adipiscing elit. In gravida ex eu mattis volutpat."},
			{"name": "Fanta 50cl", "price": 3, "img":"../../assets/imgs/fanta.ico", "desc": "Lorem ipsum dolor sit amet, consectetur adipiscing elit. In gravida ex eu mattis volutpat."},
            {"name": "Sprite 50cl", "price": 4, "img":"../../assets/imgs/sprite.ico", "desc": "Lorem ipsum dolor sit amet, consectetur adipiscing elit. In gravida ex eu mattis volutpat."},
			{"name": "Ice Tea 50cl", "price": 3, "img":"../../assets/imgs/iceTea.ico", "desc": "Lorem ipsum dolor sit amet, consectetur adipiscing elit. In gravida ex eu mattis volutpat."},
            {"name": "Heineken 50cl", "price": 4, "img":"../../assets/imgs/heineken.ico", "desc": "Lorem ipsum dolor sit amet, consectetur adipiscing elit. In gravida ex eu mattis volutpat."},
			{"name": "Evian 50cl", "price": 3, "img":"../../assets/imgs/evian.ico", "desc": "Lorem ipsum dolor sit amet, consectetur adipiscing elit. In gravida ex eu mattis volutpat."}
		]
	},
	{
  		"name": "Sandwiches",
		  "img":"../../assets/imgs/sandwichIcon.ico",
		  "products": [
			{"name": "Jambon beurre", "price": 6, "img":"../../assets/imgs/sand1.ico", "desc": "Lorem ipsum dolor sit amet, consectetur adipiscing elit. In gravida ex eu mattis volutpat."},
			{"name": "Hot-Dog", "price": 7, "img":"../../assets/imgs/sand2.ico", "desc": "Lorem ipsum dolor sit amet, consectetur adipiscing elit. In gravida ex eu mattis volutpat."},
            {"name": "Vegetarien", "price": 6, "img":"../../assets/imgs/sand3.ico", "desc": "Lorem ipsum dolor sit amet, consectetur adipiscing elit. In gravida ex eu mattis volutpat."},
			{"name": "Poulet Frites", "price": 7, "img":"../../assets/imgs/sand4.ico", "desc": "Lorem ipsum dolor sit amet, consectetur adipiscing elit. In gravida ex eu mattis volutpat."}
		]
	},
    {
  		"name": "Desserts",
		  "img":"../../assets/imgs/dessertIcon.ico",
		  "products": [
			{"name": "Gateau au chcolat", "price": 6, "img":"../../assets/imgs/desert1.ico", "desc": "Lorem ipsum dolor sit amet, consectetur adipiscing elit. In gravida ex eu mattis volutpat."},
			{"name": "Tarte aux pommes", "price": 7, "img":"../../assets/imgs/desert2.ico", "desc": "Lorem ipsum dolor sit amet, consectetur adipiscing elit. In gravida ex eu mattis volutpat."},
            {"name": "Crème caramel", "price": 6, "img":"../../assets/imgs/desert3.ico", "desc": "Lorem ipsum dolor sit amet, consectetur adipiscing elit. In gravida ex eu mattis volutpat."},
			{"name": "Glaces", "price": 7, "img":"../../assets/imgs/desert4.ico", "desc": "Lorem ipsum dolor sit amet, consectetur adipiscing elit. In gravida ex eu mattis volutpat."}
		]
	}
  ]
}
